,fate_OL_lineage,p_ol_nb,ol_nb
0,0,0.057424262,0
1,0,0.057424262,0
2,1,0.94208187,1
3,0,0.057424262,0
4,0,0.057424262,0
5,1,0.9425682,1
6,1,0.94243073,1
7,1,0.9425682,1
8,0,0.057424262,0
9,0,0.057424262,0
10,0,0.058200795,0
11,0,0.057424262,0
12,0,0.057424262,0
13,0,0.057424262,0
14,0,0.068101,0
15,0,0.064757735,0
16,1,0.9425682,1
17,0,0.05759377,0
18,1,0.9425682,1
19,1,0.9425682,1
20,0,0.057424262,0
21,1,0.9425682,1
22,1,0.9425682,1
23,0,0.076458104,0
24,0,0.057424262,0
25,0,0.07151295,0
26,0,0.057424262,0
27,1,0.92820317,1
28,1,0.9425682,1
29,0,0.057936262,0
30,0,0.057424262,0
31,1,0.9425682,1
32,1,0.9425682,1
33,0,0.05776969,0
34,0,0.06618824,0
35,0,0.07656807,0
36,0,0.057424262,0
37,1,0.9425682,1
38,0,0.057424262,0
39,0,0.057424262,0
40,1,0.9425682,1
41,1,0.9390107,1
42,0,0.086902,0
43,0,0.057424262,0
44,0,0.057424262,0
45,1,0.9425682,1
46,0,0.07960832,0
47,1,0.9425682,1
48,0,0.057424262,0
49,1,0.9425682,1
50,0,0.064899,0
51,1,0.9425682,1
52,1,0.9425682,1
53,0,0.062221292,0
54,0,0.07320631,0
55,1,0.9425682,1
56,0,0.08586075,0
57,1,0.94243073,1
58,1,0.9425682,1
59,0,0.05850252,0
60,1,0.9255721,1
61,0,0.062100537,0
62,1,0.9425682,1
63,0,0.057424262,0
64,0,0.057424262,0
65,0,0.057424262,0
66,0,0.057424262,0
67,0,0.057424262,0
68,0,0.057424262,0
69,0,0.059393857,0
70,1,0.9380952,1
71,0,0.057424262,0
72,1,0.942173,1
73,0,0.057424262,0
74,1,0.94243073,1
75,1,0.9425682,1
76,0,0.08251202,0
77,0,0.065925226,0
78,1,0.9425682,1
79,1,0.9425682,1
80,0,0.058193933,0
81,0,0.05776969,0
82,0,0.05759377,0
83,1,0.9425682,1
84,0,0.07598286,0
85,0,0.057424262,0
86,0,0.11141836,0
87,0,0.057424262,0
88,1,0.9425682,1
89,1,0.9425682,1
90,1,0.9425682,1
91,0,0.057993952,0
92,1,0.9425682,1
93,1,0.9425682,1
94,0,0.05759377,0
95,0,0.05759377,0
96,0,0.057424262,0
97,1,0.942173,1
98,0,0.057424262,0
99,0,0.06029687,0
100,1,0.94208187,1
101,1,0.9425682,1
102,0,0.058193933,0
103,1,0.9425682,1
104,1,0.9425682,1
105,0,0.058193933,0
106,0,0.057424262,0
107,0,0.06575862,0
108,1,0.90323246,1
109,0,0.057424262,0
110,1,0.9425682,1
111,0,0.057424262,0
112,1,0.9376021,1
113,0,0.057424262,0
114,1,0.9399684,1
115,0,0.057424262,0
116,1,0.9425682,1
117,0,0.057424262,0
118,1,0.9425682,1
119,0,0.057424262,0
120,0,0.057424262,0
121,0,0.057424262,0
122,1,0.9425682,1
123,0,0.057424262,0
124,0,0.057424262,0
125,1,0.9425682,1
126,1,0.942173,1
127,0,0.077015,0
128,1,0.9425682,1
129,0,0.057424262,0
130,0,0.058308415,0
131,1,0.942173,1
132,0,0.05865903,0
133,0,0.057424262,0
134,0,0.057424262,0
135,0,0.057424262,0
136,1,0.9425682,1
137,0,0.06900899,0
138,0,0.057424262,0
139,0,0.06102699,0
140,0,0.06109838,0
141,0,0.057424262,0
142,1,0.93932307,1
143,0,0.059667695,0
144,0,0.11264894,0
145,0,0.057424262,0
146,0,0.060623035,0
147,0,0.06376166,0
148,1,0.9425682,1
149,0,0.057424262,0
150,0,0.064597294,0
151,0,0.06420413,0
152,1,0.9425682,1
153,0,0.057424262,0
154,0,0.060003676,0
155,0,0.057424262,0
156,0,0.08318234,0
157,1,0.9425682,1
158,0,0.057424262,0
159,0,0.05759377,0
160,1,0.9422201,1
161,0,0.057424262,0
162,0,0.057424262,0
163,1,0.9425682,1
164,0,0.057424262,0
165,0,0.057424262,0
166,1,0.9425682,1
167,0,0.057424262,0
168,0,0.05817307,0
169,1,0.9425682,1
170,1,0.9422201,1
171,1,0.9425682,1
172,1,0.9404323,1
173,0,0.07460007,0
174,0,0.057424262,0
175,1,0.9425682,1
176,1,0.9422201,1
177,0,0.057424262,0
178,0,0.05877078,0
179,0,0.057424262,0
180,0,0.06405798,0
181,0,0.057509135,0
182,0,0.057936262,0
183,0,0.057424262,0
184,0,0.0683821,0
185,0,0.080283284,0
186,1,0.9425682,1
187,0,0.06986737,0
188,1,0.9425682,1
189,1,0.9425682,1
190,1,0.9425682,1
191,0,0.06827881,0
192,1,0.9425682,1
193,1,0.94137514,1
194,0,0.057424262,0
195,0,0.057424262,0
196,1,0.9425682,1
197,0,0.057424262,0
198,1,0.7246194,1
199,0,0.057424262,0
200,1,0.9425682,1
201,0,0.057424262,0
202,0,0.057424262,0
203,1,0.9425682,1
204,0,0.057424262,0
205,1,0.94190186,1
206,0,0.057424262,0
207,1,0.9425682,1
208,0,0.057509135,0
209,1,0.9425682,1
210,1,0.9425682,1
211,1,0.9425682,1
212,1,0.9327136,1
213,1,0.9425682,1
214,1,0.9425682,1
215,1,0.9425682,1
216,1,0.9425682,1
217,0,0.057424262,0
218,0,0.057424262,0
219,0,0.057424262,0
220,0,0.057424262,0
221,1,0.94208187,1
222,0,0.074943185,0
223,0,0.05878306,0
224,1,0.94053876,1
225,0,0.064269334,0
226,1,0.9425682,1
227,0,0.077486835,0
228,0,0.057424262,0
229,1,0.92768884,1
230,0,0.057424262,0
231,0,0.057424262,0
232,0,0.05759377,0
233,1,0.9425682,1
234,1,0.9422639,1
235,1,0.9425682,1
236,1,0.9425682,1
237,0,0.057424262,0
238,0,0.05828674,0
239,0,0.057424262,0
240,1,0.9425682,1
241,0,0.057424262,0
242,1,0.9425682,1
243,0,0.057424262,0
244,0,0.057424262,0
245,0,0.06481202,0
246,0,0.057424262,0
247,1,0.9425682,1
248,0,0.057424262,0
249,1,0.94168055,1
250,0,0.057424262,0
251,0,0.057424262,0
252,1,0.9425682,1
253,1,0.9425682,1
254,0,0.1582358,0
255,1,0.9425682,1
256,1,0.9425682,1
257,0,0.057424262,0
258,1,0.93993914,1
259,1,0.9425682,1
260,0,0.0683111,0
261,1,0.9425682,1
262,0,0.06262034,0
263,0,0.05904962,0
264,1,0.9425682,1
265,1,0.9425682,1
266,0,0.065888606,0
267,1,0.9425682,1
268,0,0.084151216,0
269,0,0.06137528,0
270,0,0.081426635,0
271,0,0.062068373,0
272,0,0.057424262,0
273,0,0.057424262,0
274,1,0.9425682,1
275,1,0.9425682,1
276,0,0.057424262,0
277,0,0.0752054,0
278,0,0.07353153,0
279,1,0.9425682,1
280,0,0.057424262,0
281,1,0.9204282,1
282,0,0.060958978,0
283,0,0.057424262,0
284,1,0.9425682,1
285,1,0.9425682,1
286,1,0.94137514,1
287,1,0.9425682,1
288,0,0.060965586,0
289,1,0.9420881,1
290,0,0.06608664,0
291,0,0.057424262,0
292,1,0.94208187,1
293,0,0.057936262,0
294,0,0.057424262,0
295,1,0.9425682,1
296,1,0.93960905,1
297,1,0.9425682,1
298,0,0.057424262,0
299,0,0.05828725,0
300,0,0.070838764,0
301,0,0.07192598,0
302,1,0.93501806,1
303,1,0.9420881,1
304,0,0.05759377,0
305,1,0.9425682,1
306,1,0.92200166,1
307,1,0.9425682,1
308,1,0.9425682,1
309,0,0.057424262,0
310,0,0.106836066,0
311,0,0.057424262,0
312,0,0.097674064,0
313,0,0.06380717,0
314,0,0.07932426,0
315,1,0.9425682,1
316,1,0.9425682,1
317,1,0.94208187,1
318,0,0.09704938,0
319,0,0.057424262,0
320,0,0.057509135,0
321,1,0.9425682,1
322,0,0.06024121,0
323,0,0.057424262,0
324,0,0.05878306,0
325,1,0.9425682,1
326,0,0.057424262,0
327,0,0.06388628,0
328,0,0.061150823,0
329,0,0.057424262,0
330,0,0.057424262,0
331,0,0.057424262,0
332,0,0.07720116,0
333,1,0.9425682,1
334,0,0.07124266,0
335,0,0.057424262,0
336,1,0.9425682,1
337,1,0.9425682,1
338,0,0.061150823,0
339,0,0.062764086,0
340,1,0.94168055,1
341,1,0.9425682,1
342,1,0.9425682,1
343,0,0.069810934,0
344,0,0.057424262,0
345,0,0.057424262,0
346,1,0.93458617,1
347,0,0.057424262,0
348,1,0.65665805,1
349,1,0.9425682,1
350,1,0.94208187,1
351,0,0.057424262,0
352,0,0.057424262,0
353,1,0.9425682,1
354,0,0.057424262,0
355,0,0.06791244,0
356,1,0.9425682,1
357,1,0.9425682,1
358,0,0.07456586,0
359,0,0.058200795,0
360,1,0.9420881,1
361,0,0.057424262,0
362,0,0.05904962,0
363,0,0.057424262,0
364,1,0.9425682,1
365,0,0.057424262,0
366,1,0.9425682,1
367,0,0.06864732,0
368,1,0.9425682,1
369,1,0.9425682,1
370,0,0.05759377,0
371,0,0.05852034,0
372,0,0.05828457,0
373,0,0.057424262,0
374,1,0.9425682,1
375,0,0.083396055,0
376,0,0.057424262,0
377,0,0.057424262,0
378,1,0.94208187,1
379,1,0.9425682,1
380,1,0.94208187,1
381,0,0.057424262,0
382,1,0.92818314,1
383,0,0.057424262,0
384,0,0.08390471,0
385,0,0.057424262,0
386,0,0.057424262,0
387,1,0.942173,1
388,0,0.058683768,0
389,0,0.057424262,0
390,0,0.057936262,0
391,1,0.9425682,1
392,1,0.9425682,1
393,0,0.06241842,0
394,1,0.93731934,1
395,0,0.057424262,0
396,0,0.059701044,0
397,1,0.9425682,1
398,0,0.057424262,0
399,1,0.94208187,1
400,0,0.057424262,0
401,1,0.9425682,1
402,0,0.059667695,0
403,1,0.9422201,1
404,1,0.9425682,1
405,0,0.057424262,0
406,1,0.9425682,1
407,1,0.9425682,1
408,1,0.9087605,1
409,0,0.05759377,0
410,1,0.9425682,1
411,0,0.057424262,0
412,0,0.057424262,0
413,0,0.058953177,0
414,0,0.057424262,0
415,0,0.057424262,0
416,0,0.057424262,0
417,0,0.057424262,0
418,0,0.05759377,0
419,1,0.8418027,1
420,1,0.9425682,1
421,0,0.057424262,0
422,0,0.08509875,0
423,0,0.057424262,0
424,1,0.9425682,1
425,0,0.059585832,0
426,1,0.9425682,1
427,1,0.9425682,1
428,0,0.08295128,0
429,1,0.9425682,1
430,0,0.057993952,0
431,1,0.94243073,1
432,0,0.057424262,0
433,0,0.057424262,0
434,0,0.06542547,0
435,1,0.9392826,1
436,1,0.9425682,1
437,0,0.057424262,0
438,1,0.9425682,1
439,0,0.058683768,0
440,1,0.9425682,1
441,1,0.9425682,1
442,1,0.9425682,1
443,1,0.9202784,1
444,1,0.9425682,1
445,1,0.9425682,1
446,0,0.057424262,0
447,0,0.065686814,0
448,0,0.057424262,0
449,1,0.9425682,1
450,1,0.9425682,1
451,0,0.057424262,0
452,0,0.066730656,0
453,0,0.06109476,0
454,0,0.08398021,0
455,1,0.9425682,1
456,1,0.9425682,1
457,1,0.9425682,1
458,1,0.9425682,1
459,0,0.079260945,0
460,1,0.9376167,1
461,1,0.9425682,1
462,1,0.9425682,1
463,0,0.06502237,0
464,0,0.07722844,0
465,0,0.07264451,0
466,1,0.9425682,1
467,0,0.057424262,0
468,0,0.057424262,0
469,1,0.9425682,1
470,1,0.92420226,1
471,0,0.057424262,0
472,1,0.9425682,1
473,0,0.05759377,0
474,0,0.086792424,0
475,1,0.9425682,1
476,1,0.9425682,1
477,0,0.057424262,0
478,0,0.057424262,0
479,1,0.9425682,1
480,1,0.9425682,1
481,0,0.061604727,0
482,1,0.9425682,1
483,1,0.9425682,1
484,1,0.9425682,1
485,1,0.9155542,1
486,1,0.9425682,1
487,1,0.94208187,1
488,0,0.057424262,0
489,1,0.9425682,1
490,1,0.92686504,1
491,0,0.057509135,0
492,1,0.9425682,1
493,1,0.9425682,1
494,0,0.057424262,0
495,0,0.07460007,0
496,0,0.057424262,0
497,1,0.93154496,1
498,0,0.057424262,0
499,1,0.9425682,1
500,0,0.065832704,0
501,1,0.9425682,1
502,1,0.82418853,1
503,0,0.057424262,0
504,1,0.9425682,1
505,0,0.07628396,0
506,1,0.9425682,1
507,0,0.07912584,0
508,1,0.9425682,1
509,0,0.11971921,0
510,0,0.07460007,0
511,1,0.9425682,1
512,1,0.9425682,1
513,0,0.057424262,0
514,1,0.942173,1
515,1,0.93815356,1
516,0,0.057424262,0
517,1,0.9425682,1
518,0,0.057424262,0
519,0,0.057424262,0
520,1,0.9425682,1
521,1,0.9418513,1
522,0,0.05828725,0
523,1,0.9334118,1
524,0,0.057424262,0
525,0,0.057424262,0
526,1,0.9425682,1
527,0,0.057424262,0
528,1,0.9425682,1
529,1,0.9425682,1
530,1,0.9425682,1
531,0,0.05776969,0
532,0,0.058889363,0
533,1,0.9425682,1
534,0,0.057424262,0
535,0,0.057424262,0
536,0,0.05828725,0
537,0,0.07927601,0
538,0,0.057424262,0
539,1,0.9425682,1
540,0,0.0939427,0
541,1,0.9422201,1
542,0,0.057424262,0
543,0,0.057424262,0
544,1,0.9425682,1
545,0,0.1200566,0
546,0,0.057424262,0
547,0,0.057424262,0
548,1,0.9425682,1
549,0,0.057424262,0
550,0,0.057424262,0
551,0,0.06316933,0
552,0,0.057424262,0
553,0,0.05759377,0
554,0,0.07837777,0
555,1,0.9425682,1
556,1,0.9425682,1
557,1,0.9425682,1
558,0,0.057424262,0
559,1,0.9425682,1
560,0,0.078298844,0
561,1,0.9425682,1
562,1,0.9425682,1
563,1,0.9425682,1
564,1,0.9425682,1
565,1,0.9425682,1
566,1,0.9425682,1
567,0,0.057424262,0
568,0,0.057424262,0
569,1,0.94037306,1
570,0,0.057424262,0
571,1,0.9349824,1
572,1,0.9425682,1
573,1,0.9425682,1
574,0,0.057424262,0
575,0,0.078496136,0
576,0,0.05759377,0
577,1,0.9425682,1
578,1,0.9425682,1
579,1,0.9425682,1
580,1,0.9302359,1
581,0,0.06009404,0
582,0,0.057424262,0
583,1,0.9425682,1
584,0,0.057424262,0
585,1,0.82580537,1
586,0,0.068737805,0
587,0,0.05759377,0
588,0,0.057424262,0
589,1,0.93974346,1
590,0,0.057424262,0
591,0,0.059701044,0
592,0,0.07149317,0
593,1,0.93017846,1
594,0,0.061145436,0
595,1,0.9425682,1
596,0,0.057424262,0
597,1,0.94208187,1
598,0,0.057424262,0
599,0,0.057424262,0
600,1,0.9425682,1
601,0,0.057424262,0
602,0,0.057424262,0
603,0,0.06487543,0
604,0,0.060232047,0
605,0,0.057424262,0
606,0,0.057424262,0
607,0,0.05806793,0
608,1,0.93633884,1
609,0,0.062375963,0
610,1,0.9343789,1
611,1,0.9425682,1
612,0,0.057424262,0
613,0,0.092369206,0
614,0,0.058442127,0
615,0,0.060003676,0
616,0,0.057424262,0
617,1,0.9425682,1
618,1,0.93447435,1
619,1,0.9425682,1
620,0,0.05759377,0
621,1,0.9422639,1
622,1,0.9425682,1
623,0,0.057424262,0
624,0,0.057424262,0
625,1,0.9425682,1
626,1,0.9389216,1
627,0,0.057424262,0
628,1,0.9425682,1
629,1,0.94208187,1
630,0,0.057424262,0
631,1,0.9425682,1
632,0,0.06614187,0
633,1,0.9425682,1
634,0,0.062464215,0
635,0,0.094951615,0
636,1,0.9425682,1
637,1,0.9425682,1
638,1,0.19422911,0
639,1,0.9425682,1
640,1,0.9208144,1
641,1,0.9425682,1
642,1,0.9425682,1
643,0,0.057424262,0
644,0,0.057424262,0
645,0,0.068365276,0
646,1,0.9425682,1
647,0,0.057424262,0
648,0,0.057424262,0
649,0,0.057424262,0
650,1,0.9425682,1
651,0,0.06110741,0
652,0,0.057424262,0
653,0,0.057424262,0
654,1,0.9425682,1
655,0,0.057424262,0
656,0,0.057424262,0
657,0,0.06169293,0
658,1,0.9425682,1
659,1,0.9425682,1
660,0,0.05759377,0
661,0,0.06139126,0
662,1,0.9425682,1
663,1,0.9358321,1
664,0,0.057424262,0
665,0,0.075172044,0
666,0,0.057424262,0
667,0,0.06158515,0
668,1,0.9425682,1
669,0,0.057424262,0
670,0,0.057424262,0
671,0,0.057424262,0
672,1,0.9425682,1
673,1,0.9425682,1
674,1,0.9422201,1
675,1,0.9425682,1
676,0,0.057424262,0
677,1,0.9422639,1
678,1,0.9425682,1
679,1,0.9425682,1
680,0,0.057936262,0
681,1,0.9361062,1
682,0,0.057424262,0
683,0,0.057424262,0
684,0,0.062485356,0
685,0,0.057424262,0
686,1,0.9397558,1
687,1,0.9425682,1
688,0,0.057424262,0
689,0,0.057424262,0
690,1,0.942173,1
691,1,0.9425682,1
692,1,0.9425682,1
693,0,0.057424262,0
694,1,0.9425682,1
695,1,0.9422201,1
696,1,0.86518955,1
697,0,0.057424262,0
698,0,0.057424262,0
699,0,0.081961684,0
700,0,0.08417823,0
701,1,0.9425682,1
702,0,0.06575668,0
703,0,0.057424262,0
704,0,0.057424262,0
705,0,0.057424262,0
706,0,0.059954964,0
707,0,0.06686971,0
708,0,0.057424262,0
709,0,0.1466501,0
710,0,0.057509135,0
711,1,0.9425682,1
712,1,0.94208187,1
713,1,0.9391454,1
714,1,0.9425682,1
715,0,0.057424262,0
716,0,0.09794811,0
717,0,0.05759377,0
718,0,0.06337239,0
719,1,0.9425682,1
720,1,0.9422201,1
721,1,0.9425682,1
722,0,0.060777105,0
723,1,0.9425682,1
724,1,0.93667024,1
725,0,0.057936262,0
726,1,0.9425682,1
727,0,0.057424262,0
728,1,0.9388856,1
729,1,0.9425682,1
730,1,0.94208187,1
731,1,0.9425682,1
732,0,0.060958978,0
733,0,0.057424262,0
734,1,0.94149905,1
735,0,0.057424262,0
736,0,0.057424262,0
737,0,0.057424262,0
738,1,0.9425682,1
739,1,0.9425682,1
740,1,0.9425682,1
741,1,0.9425682,1
742,0,0.059954964,0
743,0,0.057424262,0
744,0,0.057424262,0
745,1,0.9425682,1
746,0,0.08003882,0
747,0,0.057424262,0
748,0,0.06971484,0
749,0,0.058200795,0
750,1,0.9425682,1
751,1,0.9425682,1
752,0,0.057424262,0
753,1,0.9425682,1
754,1,0.9425682,1
755,0,0.057424262,0
756,0,0.057424262,0
757,0,0.059701044,0
758,0,0.057424262,0
759,1,0.94208187,1
760,0,0.057424262,0
761,1,0.9425682,1
762,1,0.9425682,1
763,0,0.057424262,0
764,0,0.057424262,0
765,0,0.057424262,0
766,0,0.06767708,0
767,1,0.9425682,1
768,0,0.057424262,0
769,1,0.9425682,1
770,1,0.9425682,1
771,1,0.9425682,1
772,1,0.94208187,1
773,0,0.057424262,0
774,0,0.07248008,0
775,1,0.9425682,1
776,1,0.9339144,1
777,0,0.057424262,0
778,0,0.058308415,0
779,1,0.9425682,1
780,1,0.9425682,1
781,0,0.057509135,0
782,1,0.9425682,1
783,1,0.9425682,1
784,1,0.9425682,1
785,1,0.9425682,1
786,0,0.057424262,0
787,1,0.9425682,1
788,0,0.057424262,0
789,0,0.057424262,0
790,1,0.939121,1
791,1,0.942173,1
792,1,0.9425682,1
793,1,0.9425682,1
794,0,0.065832704,0
795,1,0.93480873,1
796,0,0.057424262,0
797,0,0.057424262,0
798,1,0.93798625,1
799,1,0.9365138,1
800,0,0.057424262,0
801,0,0.061272234,0
802,1,0.9425682,1
803,1,0.94208187,1
804,0,0.057424262,0
805,0,0.057424262,0
806,0,0.057424262,0
807,0,0.09008594,0
808,0,0.057424262,0
809,0,0.057424262,0
810,0,0.057424262,0
811,1,0.9425682,1
812,0,0.057424262,0
813,0,0.057424262,0
814,1,0.82355946,1
815,0,0.057424262,0
816,1,0.9425682,1
817,0,0.060522273,0
818,1,0.9425682,1
819,1,0.9422201,1
820,1,0.9425682,1
821,0,0.057424262,0
822,0,0.058193933,0
823,1,0.9425682,1
824,0,0.057424262,0
825,1,0.9425682,1
826,1,0.9425682,1
827,0,0.059586078,0
828,1,0.9425682,1
829,0,0.057424262,0
830,1,0.9425682,1
831,1,0.9425682,1
832,1,0.9422639,1
833,1,0.9425682,1
834,1,0.9425682,1
835,1,0.9425682,1
836,0,0.057424262,0
837,0,0.057424262,0
838,1,0.9425682,1
839,0,0.057424262,0
840,0,0.057424262,0
841,1,0.9425682,1
842,0,0.057424262,0
843,0,0.07212471,0
844,1,0.9425682,1
845,1,0.9425682,1
846,1,0.9425682,1
847,0,0.08148857,0
848,1,0.9425682,1
849,1,0.942173,1
850,1,0.9425682,1
851,1,0.9425682,1
852,1,0.94208187,1
853,1,0.9425682,1
854,1,0.906803,1
855,0,0.057424262,0
856,0,0.06142775,0
857,0,0.05893308,0
858,1,0.9425682,1
859,0,0.057424262,0
860,0,0.057424262,0
861,1,0.9425682,1
862,1,0.9425682,1
863,0,0.057424262,0
864,0,0.057424262,0
865,0,0.057424262,0
866,1,0.9425682,1
867,0,0.057424262,0
868,1,0.9425682,1
869,0,0.057424262,0
870,1,0.9425682,1
871,1,0.9425682,1
872,0,0.057424262,0
873,0,0.057424262,0
874,1,0.9425682,1
875,1,0.9425682,1
876,0,0.057936262,0
877,1,0.9425682,1
878,0,0.057424262,0
879,0,0.07413874,0
880,1,0.9358678,1
881,1,0.94208187,1
882,0,0.057424262,0
883,0,0.057424262,0
884,1,0.9425682,1
885,1,0.9425682,1
886,1,0.93172914,1
887,1,0.9425682,1
888,0,0.057424262,0
889,1,0.9425682,1
890,1,0.9425682,1
891,0,0.1297029,0
892,0,0.057424262,0
893,0,0.082291976,0
894,1,0.9401342,1
895,1,0.9425682,1
896,1,0.9425682,1
897,1,0.9425682,1
898,0,0.057424262,0
899,1,0.9425682,1
900,1,0.9425682,1
901,0,0.057424262,0
902,0,0.06306417,0
903,1,0.9425682,1
904,1,0.942173,1
905,0,0.060931865,0
906,0,0.057424262,0
907,0,0.0640171,0
908,1,0.9425682,1
909,0,0.06177813,0
910,1,0.9425682,1
911,0,0.057424262,0
912,1,0.9425682,1
913,1,0.94208187,1
914,1,0.9425682,1
915,1,0.9425682,1
916,0,0.06309943,0
917,0,0.057424262,0
918,0,0.057424262,0
919,1,0.94208187,1
920,0,0.060252946,0
921,1,0.94168055,1
922,0,0.057424262,0
923,1,0.93791264,1
924,0,0.057424262,0
925,1,0.9425682,1
926,1,0.9425682,1
927,1,0.9425682,1
928,1,0.9425682,1
929,0,0.057424262,0
930,0,0.081908815,0
931,0,0.06024121,0
932,0,0.057424262,0
933,0,0.057424262,0
934,1,0.9425682,1
935,0,0.057424262,0
936,0,0.066606,0
937,1,0.9425682,1
938,0,0.073960274,0
939,0,0.07505776,0
940,1,0.93430763,1
941,0,0.057424262,0
942,0,0.057424262,0
943,0,0.057936262,0
944,1,0.9425682,1
945,0,0.057424262,0
946,1,0.9425682,1
947,0,0.060239,0
948,0,0.057424262,0
949,1,0.94208187,1
950,1,0.9425682,1
951,0,0.057424262,0
952,0,0.057424262,0
953,1,0.9425682,1
954,1,0.9425682,1
955,1,0.9425682,1
956,1,0.9425682,1
957,0,0.057424262,0
958,0,0.0629396,0
959,0,0.057424262,0
960,0,0.057424262,0
961,0,0.057424262,0
962,0,0.05828725,0
963,0,0.057424262,0
964,0,0.06109838,0
965,0,0.057424262,0
966,1,0.8729464,1
967,1,0.9425682,1
968,1,0.9425682,1
969,1,0.9425682,1
970,1,0.9425682,1
971,0,0.057424262,0
972,0,0.057424262,0
973,1,0.9425682,1
974,0,0.057424262,0
975,0,0.057424262,0
976,0,0.06934206,0
977,1,0.9425682,1
978,1,0.9425682,1
979,0,0.057424262,0
980,0,0.057424262,0
981,1,0.94208187,1
982,0,0.057424262,0
983,0,0.057424262,0
984,0,0.057424262,0
985,1,0.9425682,1
986,0,0.057424262,0
987,0,0.057424262,0
988,1,0.94243073,1
989,1,0.9425682,1
990,1,0.9425682,1
991,0,0.05759377,0
992,0,0.057692945,0
993,1,0.9425682,1
994,0,0.057424262,0
995,1,0.9425682,1
996,1,0.9425682,1
997,0,0.06321536,0
998,1,0.9425682,1
999,1,0.9425682,1
1000,1,0.9425682,1
1001,0,0.057424262,0
1002,1,0.9425682,1
1003,0,0.089967616,0
1004,1,0.9418513,1
1005,0,0.057424262,0
1006,0,0.057993952,0
1007,1,0.9326611,1
1008,1,0.9425682,1
1009,1,0.9425682,1
1010,0,0.057424262,0
1011,0,0.06382132,0
1012,1,0.9425682,1
1013,0,0.05850252,0
1014,0,0.059701044,0
1015,0,0.06406763,0
1016,1,0.9425682,1
1017,1,0.9425682,1
1018,1,0.92400044,1
1019,0,0.057424262,0
1020,0,0.057424262,0
1021,1,0.9425682,1
1022,0,0.057424262,0
1023,1,0.9425682,1
1024,1,0.9425682,1
1025,1,0.9425682,1
1026,0,0.057424262,0
1027,0,0.057424262,0
1028,1,0.9422201,1
1029,0,0.06550722,0
1030,0,0.057424262,0
1031,1,0.9343585,1
1032,0,0.057424262,0
1033,0,0.07408511,0
1034,0,0.07459193,0
1035,0,0.1051532,0
1036,1,0.9425682,1
1037,0,0.15141432,0
1038,0,0.064794205,0
1039,1,0.9363762,1
1040,1,0.9425682,1
1041,0,0.05759377,0
1042,1,0.9425682,1
1043,0,0.07184813,0
1044,0,0.057424262,0
1045,0,0.0654457,0
1046,0,0.05852841,0
1047,1,0.9425682,1
1048,1,0.9425682,1
1049,0,0.057424262,0
1050,0,0.0636115,0
1051,0,0.06136433,0
1052,0,0.057424262,0
1053,1,0.9425682,1
1054,1,0.9425682,1
1055,0,0.057424262,0
1056,0,0.057424262,0
1057,0,0.057424262,0
1058,0,0.057424262,0
1059,0,0.057424262,0
1060,0,0.057424262,0
1061,1,0.9425682,1
1062,0,0.057424262,0
1063,0,0.057424262,0
1064,0,0.057424262,0
1065,1,0.9425682,1
1066,1,0.9425682,1
1067,0,0.057424262,0
1068,0,0.05759377,0
1069,0,0.07094959,0
1070,0,0.0704252,0
1071,1,0.9425682,1
1072,0,0.117886536,0
1073,0,0.057424262,0
1074,0,0.057424262,0
1075,0,0.057424262,0
1076,0,0.07674797,0
1077,0,0.08148857,0
1078,0,0.059864387,0
1079,0,0.057424262,0
1080,0,0.05759377,0
1081,1,0.94243073,1
1082,0,0.058683768,0
1083,0,0.08079446,0
1084,0,0.057424262,0
1085,0,0.057424262,0
1086,0,0.057424262,0
1087,0,0.057424262,0
1088,1,0.9425682,1
1089,0,0.057424262,0
1090,1,0.9425682,1
1091,0,0.057424262,0
1092,0,0.06302933,0
1093,1,0.9425682,1
1094,1,0.9425682,1
1095,0,0.057424262,0
1096,1,0.9425682,1
1097,0,0.12116565,0
1098,0,0.06460826,0
1099,0,0.057424262,0
1100,0,0.06148588,0
1101,1,0.94243073,1
1102,0,0.057424262,0
1103,0,0.057424262,0
1104,1,0.9425682,1
1105,0,0.057424262,0
1106,0,0.057424262,0
1107,0,0.057424262,0
1108,1,0.94208187,1
1109,0,0.09030837,0
1110,1,0.9425682,1
1111,1,0.9425682,1
1112,0,0.057678875,0
1113,1,0.9425682,1
1114,1,0.9425682,1
1115,1,0.9425682,1
1116,0,0.059701044,0
1117,0,0.057424262,0
1118,1,0.9425682,1
1119,0,0.057424262,0
1120,0,0.057424262,0
1121,0,0.057424262,0
1122,1,0.9425682,1
1123,1,0.9425682,1
1124,0,0.11080108,0
1125,1,0.9425682,1
1126,1,0.9425682,1
1127,0,0.057424262,0
1128,0,0.057424262,0
1129,1,0.9425682,1
1130,0,0.15999162,0
1131,0,0.057424262,0
1132,0,0.057424262,0
1133,1,0.9425682,1
1134,1,0.9425682,1
1135,1,0.9425682,1
1136,1,0.9425682,1
1137,0,0.057424262,0
1138,0,0.070633575,0
1139,0,0.057424262,0
1140,1,0.6564669,1
1141,0,0.057692945,0
1142,0,0.057424262,0
1143,0,0.057424262,0
1144,0,0.057424262,0
1145,0,0.057424262,0
1146,0,0.084392905,0
1147,0,0.057424262,0
1148,0,0.08085031,0
1149,1,0.9425682,1
1150,1,0.94208187,1
1151,1,0.9425682,1
1152,1,0.9425682,1
1153,1,0.9425682,1
1154,1,0.9425682,1
1155,1,0.9425682,1
1156,0,0.06254153,0
1157,0,0.057424262,0
1158,1,0.9425682,1
1159,0,0.057936262,0
1160,0,0.057424262,0
1161,0,0.057424262,0
1162,0,0.05759377,0
1163,1,0.9425682,1
1164,1,0.76181996,1
1165,1,0.9425682,1
1166,0,0.071367264,0
1167,1,0.9425682,1
1168,0,0.06611982,0
1169,1,0.9188668,1
1170,0,0.061861664,0
1171,0,0.057424262,0
1172,0,0.05828478,0
1173,1,0.9425682,1
1174,1,0.9422201,1
1175,1,0.9425682,1
1176,0,0.057424262,0
1177,0,0.057424262,0
1178,1,0.9425682,1
1179,0,0.060236298,0
1180,1,0.8210981,1
1181,0,0.057424262,0
1182,1,0.9425682,1
1183,0,0.05828478,0
1184,1,0.9425682,1
1185,0,0.057424262,0
1186,0,0.057424262,0
1187,0,0.061184447,0
1188,0,0.057424262,0
1189,1,0.94208187,1
1190,1,0.9425682,1
1191,0,0.057424262,0
1192,0,0.057424262,0
1193,0,0.06521724,0
1194,0,0.057424262,0
1195,1,0.936386,1
1196,1,0.9407257,1
1197,0,0.05817307,0
1198,1,0.9340358,1
1199,1,0.9425682,1
1200,1,0.9425682,1
1201,1,0.9425682,1
1202,1,0.9425682,1
1203,1,0.9425682,1
1204,1,0.9425682,1
1205,0,0.073594645,0
1206,0,0.05759377,0
1207,0,0.057424262,0
1208,0,0.057424262,0
1209,1,0.9425682,1
1210,1,0.9425682,1
1211,1,0.94208187,1
1212,0,0.10848689,0
1213,1,0.9425682,1
1214,0,0.064794205,0
1215,1,0.94137514,1
1216,1,0.9422201,1
1217,0,0.057424262,0
1218,0,0.057424262,0
1219,0,0.057424262,0
1220,1,0.9422201,1
1221,1,0.9400004,1
1222,1,0.9422201,1
1223,1,0.9417307,1
1224,1,0.9425682,1
1225,0,0.057692945,0
1226,0,0.057424262,0
1227,0,0.057424262,0
1228,0,0.057424262,0
1229,1,0.9425682,1
1230,0,0.057936262,0
1231,1,0.9425682,1
1232,1,0.94208187,1
1233,0,0.057424262,0
1234,1,0.9425682,1
1235,0,0.09428729,0
1236,1,0.9425682,1
1237,0,0.0671798,0
1238,1,0.9425682,1
1239,1,0.9422201,1
1240,0,0.057424262,0
1241,1,0.9425682,1
1242,1,0.9425682,1
1243,1,0.9425682,1
1244,1,0.9425682,1
1245,1,0.94208187,1
1246,0,0.057424262,0
1247,0,0.057424262,0
1248,1,0.94065213,1
1249,0,0.06028554,0
1250,1,0.9425682,1
1251,0,0.057424262,0
1252,1,0.9425682,1
1253,1,0.94208187,1
1254,0,0.057424262,0
1255,0,0.057424262,0
1256,0,0.060441814,0
1257,1,0.9425682,1
1258,0,0.057424262,0
1259,0,0.061580934,0
1260,0,0.057424262,0
1261,0,0.057424262,0
1262,1,0.9425682,1
1263,1,0.9425682,1
1264,0,0.057424262,0
1265,0,0.057424262,0
1266,0,0.057424262,0
1267,0,0.057424262,0
1268,0,0.057424262,0
1269,1,0.9425682,1
1270,1,0.9425682,1
1271,0,0.057424262,0
1272,1,0.9425682,1
1273,1,0.9425682,1
1274,1,0.9416896,1
1275,1,0.4121309,0
1276,1,0.9425682,1
1277,0,0.057424262,0
1278,0,0.07163016,0
1279,0,0.057424262,0
1280,1,0.94208187,1
1281,1,0.9425682,1
1282,1,0.9329129,1
1283,0,0.057424262,0
1284,1,0.9383918,1
1285,0,0.07294763,0
1286,1,0.9425682,1
1287,1,0.93815356,1
1288,1,0.9425682,1
1289,0,0.057424262,0
1290,0,0.057424262,0
1291,0,0.057424262,0
1292,0,0.06379996,0
1293,0,0.057424262,0
1294,1,0.9425682,1
1295,0,0.057424262,0
1296,1,0.9404155,1
1297,0,0.08487676,0
1298,1,0.9425682,1
1299,0,0.057424262,0
1300,1,0.9425682,1
1301,0,0.057424262,0
1302,0,0.05817307,0
1303,1,0.93122715,1
1304,1,0.92213035,1
1305,0,0.057424262,0
1306,1,0.66453516,1
1307,0,0.057424262,0
1308,0,0.06591577,0
1309,0,0.057424262,0
1310,0,0.057424262,0
1311,0,0.05759377,0
1312,1,0.9425682,1
1313,0,0.057424262,0
1314,0,0.057993952,0
1315,0,0.05759377,0
1316,1,0.9425682,1
1317,1,0.9425682,1
1318,0,0.05759377,0
1319,1,0.9404927,1
1320,1,0.9425682,1
1321,0,0.057424262,0
1322,1,0.9425682,1
1323,0,0.062155303,0
1324,0,0.057424262,0
1325,0,0.057424262,0
1326,1,0.9425682,1
1327,1,0.9425682,1
1328,0,0.06199134,0
1329,1,0.9425682,1
1330,0,0.057424262,0
1331,1,0.9425682,1
1332,0,0.057424262,0
1333,1,0.9249262,1
1334,0,0.057424262,0
1335,1,0.9425682,1
1336,0,0.24530688,0
1337,0,0.057424262,0
1338,1,0.9368739,1
1339,1,0.9425682,1
1340,1,0.9425682,1
1341,0,0.057424262,0
1342,1,0.9425682,1
1343,0,0.057424262,0
1344,1,0.9425682,1
1345,0,0.076187566,0
1346,1,0.8917887,1
1347,0,0.057424262,0
1348,0,0.059204053,0
1349,0,0.1727993,0
1350,1,0.9425682,1
1351,0,0.0682592,0
1352,0,0.062100537,0
1353,0,0.09271963,0
1354,0,0.057424262,0
1355,0,0.057424262,0
1356,0,0.06338617,0
1357,1,0.9425682,1
1358,1,0.9425682,1
1359,0,0.061967142,0
1360,1,0.94137514,1
1361,1,0.94208187,1
1362,1,0.94208187,1
1363,0,0.057424262,0
1364,1,0.94208187,1
1365,0,0.057424262,0
1366,0,0.0585869,0
1367,0,0.057424262,0
1368,0,0.06484009,0
1369,1,0.9425682,1
1370,1,0.9425682,1
1371,0,0.057424262,0
1372,0,0.057424262,0
1373,1,0.9425682,1
1374,0,0.057424262,0
1375,0,0.071206875,0
1376,1,0.9425682,1
1377,1,0.9425682,1
1378,0,0.059864387,0
1379,1,0.94208187,1
1380,1,0.9425682,1
1381,1,0.9425682,1
1382,0,0.066462114,0
1383,0,0.057424262,0
1384,1,0.9425682,1
1385,1,0.9425682,1
1386,0,0.057424262,0
1387,0,0.057424262,0
1388,1,0.9425682,1
1389,0,0.07256819,0
1390,0,0.057424262,0
1391,0,0.06587967,0
1392,0,0.057424262,0
1393,0,0.057424262,0
1394,0,0.057424262,0
1395,0,0.057509135,0
1396,1,0.9425682,1
1397,1,0.9425682,1
1398,0,0.057424262,0
1399,1,0.9425682,1
1400,0,0.060003676,0
1401,1,0.9425682,1
1402,0,0.057424262,0
1403,1,0.9135817,1
1404,0,0.057863202,0
1405,1,0.93815356,1
1406,0,0.057424262,0
1407,0,0.057424262,0
1408,0,0.057424262,0
1409,0,0.057424262,0
1410,0,0.08509351,0
1411,0,0.057424262,0
1412,0,0.057424262,0
1413,0,0.057424262,0
1414,1,0.9293667,1
1415,1,0.94243073,1
1416,1,0.9425682,1
1417,0,0.057424262,0
1418,0,0.08148857,0
1419,0,0.05776969,0
1420,0,0.069468856,0
1421,1,0.9425682,1
1422,0,0.057424262,0
1423,1,0.9425682,1
1424,0,0.057424262,0
1425,0,0.064142086,0
1426,0,0.057424262,0
1427,1,0.9425682,1
1428,0,0.057424262,0
1429,1,0.9425682,1
1430,0,0.057424262,0
1431,0,0.058308415,0
1432,0,0.057424262,0
1433,0,0.057424262,0
1434,1,0.9425682,1
1435,0,0.057424262,0
1436,0,0.06148419,0
1437,0,0.060614537,0
1438,1,0.9425682,1
1439,0,0.057424262,0
1440,1,0.94208187,1
1441,0,0.059564218,0
1442,0,0.095778316,0
1443,0,0.057424262,0
1444,1,0.9425682,1
1445,0,0.05893308,0
1446,0,0.06470904,0
1447,0,0.057424262,0
1448,0,0.057424262,0
1449,0,0.057424262,0
1450,1,0.9425682,1
1451,1,0.9425682,1
1452,0,0.08648659,0
1453,0,0.057692945,0
1454,1,0.9425682,1
1455,1,0.9425682,1
1456,0,0.06638986,0
1457,1,0.94208187,1
1458,1,0.94208187,1
1459,0,0.2477278,0
1460,1,0.94065213,1
1461,0,0.057424262,0
1462,1,0.9425682,1
1463,0,0.057424262,0
1464,0,0.08854402,0
1465,0,0.057993952,0
1466,1,0.9425682,1
1467,0,0.057509135,0
1468,1,0.9425682,1
1469,0,0.060816403,0
1470,1,0.9425682,1
1471,1,0.9425682,1
1472,1,0.9425682,1
1473,0,0.059589546,0
1474,0,0.16367468,0
1475,0,0.057424262,0
1476,0,0.057424262,0
1477,1,0.9425682,1
1478,0,0.06902028,0
1479,0,0.057424262,0
1480,1,0.942173,1
1481,0,0.057424262,0
1482,0,0.061734512,0
1483,1,0.9108236,1
1484,0,0.057424262,0
1485,1,0.9425682,1
1486,0,0.057424262,0
1487,1,0.9404113,1
1488,0,0.057794575,0
1489,1,0.9425682,1
1490,0,0.057424262,0
1491,1,0.9425682,1
1492,1,0.9425682,1
1493,1,0.9425682,1
1494,0,0.07557231,0
1495,1,0.9425682,1
1496,0,0.057424262,0
1497,0,0.057424262,0
1498,0,0.057424262,0
1499,1,0.9425682,1
1500,1,0.9425682,1
1501,1,0.9425682,1
1502,0,0.057424262,0
1503,1,0.9425682,1
1504,0,0.06257777,0
1505,0,0.07122946,0
1506,1,0.9425682,1
1507,1,0.9425682,1
1508,0,0.092315,0
1509,1,0.9425682,1
1510,0,0.07251415,0
1511,1,0.9425682,1
1512,0,0.057424262,0
1513,0,0.07036041,0
1514,0,0.06167193,0
1515,0,0.057424262,0
1516,0,0.057424262,0
1517,0,0.057424262,0
1518,1,0.9425682,1
1519,0,0.058634322,0
1520,1,0.9425682,1
1521,0,0.06445594,0
1522,0,0.057424262,0
1523,0,0.058497887,0
1524,0,0.057424262,0
1525,0,0.057424262,0
1526,1,0.9425682,1
1527,1,0.9422201,1
1528,0,0.057424262,0
1529,0,0.057424262,0
1530,0,0.061184447,0
1531,1,0.94190186,1
1532,0,0.0887761,0
1533,0,0.0692243,0
1534,0,0.057424262,0
1535,0,0.057424262,0
1536,0,0.06177085,0
1537,1,0.9425682,1
1538,1,0.9425682,1
1539,0,0.057424262,0
1540,1,0.9425682,1
1541,1,0.942173,1
1542,0,0.057424262,0
1543,1,0.9425682,1
1544,0,0.057424262,0
1545,0,0.08569588,0
1546,0,0.057424262,0
1547,0,0.057424262,0
1548,0,0.057424262,0
1549,1,0.9425682,1
1550,1,0.9425682,1
1551,0,0.057424262,0
1552,1,0.9425682,1
1553,0,0.07369953,0
1554,1,0.9422201,1
1555,0,0.057424262,0
1556,0,0.057424262,0
1557,1,0.9425682,1
1558,0,0.057424262,0
1559,1,0.9425682,1
1560,1,0.9425682,1
1561,0,0.057424262,0
1562,1,0.9425682,1
1563,0,0.057424262,0
1564,0,0.057424262,0
1565,1,0.9425682,1
1566,0,0.057424262,0
1567,0,0.057424262,0
1568,0,0.057424262,0
1569,0,0.057424262,0
1570,1,0.93598473,1
1571,1,0.9425682,1
1572,0,0.058683768,0
1573,1,0.9425682,1
1574,1,0.9425682,1
1575,1,0.9425682,1
1576,1,0.9425682,1
1577,1,0.9425682,1
1578,1,0.9425682,1
1579,0,0.057424262,0
1580,0,0.06510534,0
1581,1,0.9425682,1
1582,0,0.10456424,0
1583,1,0.9425682,1
1584,0,0.057424262,0
1585,0,0.07296827,0
1586,0,0.06277,0
1587,1,0.9425682,1
1588,0,0.057424262,0
1589,0,0.05828725,0
1590,0,0.057424262,0
1591,0,0.057424262,0
1592,0,0.16818225,0
1593,1,0.9425682,1
1594,0,0.057424262,0
1595,1,0.9425682,1
1596,0,0.06672873,0
1597,1,0.9425682,1
1598,0,0.05759377,0
1599,0,0.057424262,0
1600,0,0.20544285,0
1601,0,0.057424262,0
1602,1,0.9425682,1
1603,1,0.9425682,1
1604,1,0.9425682,1
1605,1,0.94208187,1
1606,0,0.057424262,0
1607,0,0.05810719,0
1608,0,0.17861554,0
1609,0,0.057424262,0
1610,0,0.057424262,0
1611,0,0.057424262,0
1612,0,0.057424262,0
1613,1,0.9425682,1
1614,1,0.9336625,1
1615,1,0.9425682,1
1616,0,0.057424262,0
1617,1,0.8996136,1
1618,1,0.9425682,1
1619,0,0.057424262,0
1620,0,0.0760513,0
1621,1,0.9425682,1
1622,1,0.93925065,1
1623,0,0.07766437,0
1624,0,0.073070906,0
1625,0,0.057424262,0
1626,0,0.066731654,0
1627,1,0.9425682,1
1628,0,0.057424262,0
1629,0,0.080555506,0
1630,0,0.06576323,0
1631,0,0.057424262,0
1632,1,0.937563,1
1633,0,0.057424262,0
1634,0,0.057424262,0
1635,1,0.9190474,1
1636,0,0.057424262,0
1637,1,0.89842975,1
1638,0,0.16812736,0
1639,1,0.9425682,1
1640,0,0.057424262,0
1641,0,0.06669932,0
1642,1,0.94243073,1
1643,1,0.9425682,1
1644,0,0.057424262,0
1645,1,0.9425682,1
1646,1,0.9425682,1
1647,1,0.9425682,1
1648,0,0.057424262,0
1649,1,0.9425682,1
1650,0,0.057424262,0
1651,1,0.9425682,1
1652,1,0.9425682,1
1653,1,0.9425682,1
1654,1,0.9425682,1
1655,0,0.057936262,0
1656,0,0.057424262,0
1657,1,0.9425682,1
1658,1,0.9425682,1
1659,1,0.9425682,1
1660,1,0.9425682,1
1661,1,0.9425682,1
1662,1,0.8709874,1
1663,0,0.057424262,0
1664,0,0.059393857,0
1665,1,0.9425682,1
1666,0,0.057424262,0
1667,0,0.05759377,0
1668,1,0.9425682,1
1669,1,0.9425682,1
1670,0,0.17837168,0
1671,0,0.057424262,0
1672,0,0.06170368,0
1673,0,0.07881354,0
1674,1,0.9425682,1
1675,1,0.9425682,1
1676,0,0.057424262,0
1677,1,0.9425682,1
1678,0,0.057424262,0
1679,0,0.057424262,0
1680,1,0.9425682,1
1681,0,0.06460265,0
1682,0,0.065888606,0
1683,0,0.06581039,0
1684,1,0.9425682,1
1685,0,0.06765432,0
1686,0,0.057424262,0
1687,0,0.057424262,0
1688,1,0.9364461,1
1689,0,0.057424262,0
1690,0,0.058889363,0
1691,1,0.9425682,1
1692,1,0.9425682,1
1693,0,0.057424262,0
1694,1,0.9425682,1
1695,1,0.9425682,1
1696,1,0.9425682,1
1697,0,0.060155857,0
1698,0,0.057424262,0
1699,1,0.9292396,1
1700,0,0.06308081,0
1701,0,0.057692945,0
1702,1,0.9425682,1
1703,0,0.057424262,0
1704,0,0.06032695,0
1705,1,0.9425682,1
1706,0,0.057424262,0
1707,0,0.057509135,0
1708,0,0.057993952,0
1709,0,0.057424262,0
1710,0,0.08300567,0
1711,0,0.16224569,0
1712,0,0.057424262,0
1713,0,0.057424262,0
1714,0,0.057424262,0
1715,1,0.9425682,1
1716,1,0.9425682,1
1717,1,0.9425682,1
1718,1,0.9425682,1
1719,0,0.057424262,0
1720,0,0.057509135,0
1721,0,0.068411835,0
1722,1,0.9425682,1
1723,1,0.9425682,1
1724,0,0.07384549,0
1725,1,0.9425682,1
1726,1,0.9425682,1
1727,0,0.057424262,0
1728,0,0.0720434,0
1729,1,0.9425682,1
1730,1,0.9425682,1
1731,1,0.9339144,1
1732,0,0.057424262,0
1733,1,0.70456105,1
1734,1,0.9425682,1
1735,0,0.06801602,0
1736,1,0.9425682,1
1737,1,0.9425682,1
1738,0,0.060291387,0
1739,0,0.057424262,0
1740,0,0.06669932,0
1741,0,0.057424262,0
1742,0,0.07520081,0
1743,1,0.9425682,1
1744,0,0.057424262,0
1745,0,0.062464215,0
1746,1,0.9425682,1
1747,0,0.060614537,0
1748,0,0.057424262,0
1749,1,0.9425682,1
1750,0,0.057424262,0
1751,0,0.057424262,0
1752,1,0.91713244,1
1753,1,0.9425682,1
1754,0,0.057424262,0
1755,1,0.9135371,1
1756,1,0.9326611,1
1757,0,0.06581039,0
1758,0,0.057424262,0
1759,0,0.06142775,0
1760,1,0.93815356,1
1761,1,0.9425682,1
1762,0,0.057424262,0
1763,1,0.9425682,1
1764,1,0.9425682,1
1765,0,0.057424262,0
1766,1,0.9425682,1
1767,0,0.05892878,0
1768,1,0.9425682,1
1769,0,0.057424262,0
1770,0,0.057424262,0
1771,0,0.0670269,0
1772,1,0.9425682,1
1773,0,0.057424262,0
1774,0,0.060936492,0
1775,1,0.9425682,1
1776,0,0.057424262,0
1777,1,0.93663394,1
1778,0,0.08275086,0
1779,1,0.9425682,1
1780,1,0.9425682,1
1781,1,0.9425682,1
1782,0,0.05759377,0
1783,0,0.057424262,0
1784,0,0.057424262,0
1785,0,0.057424262,0
1786,1,0.93633884,1
1787,0,0.06650133,0
1788,1,0.9425682,1
1789,0,0.057424262,0
1790,0,0.057424262,0
1791,0,0.07246364,0
1792,1,0.9425682,1
1793,1,0.9425682,1
1794,1,0.9425682,1
1795,0,0.057424262,0
1796,0,0.057936262,0
1797,0,0.06924527,0
1798,0,0.057424262,0
1799,1,0.936605,1
1800,0,0.057424262,0
1801,0,0.06593374,0
1802,0,0.057424262,0
1803,1,0.9425682,1
1804,0,0.057424262,0
1805,0,0.06808773,0
1806,0,0.057424262,0
1807,0,0.057424262,0
1808,0,0.057424262,0
1809,1,0.9425682,1
1810,0,0.057424262,0
1811,1,0.9425682,1
1812,1,0.9417307,1
1813,0,0.057424262,0
1814,0,0.06388778,0
1815,0,0.057424262,0
1816,0,0.057424262,0
1817,1,0.9422201,1
1818,1,0.9425682,1
1819,0,0.06356245,0
1820,1,0.90300804,1
1821,0,0.057424262,0
1822,0,0.057424262,0
1823,0,0.057509135,0
1824,1,0.9425682,1
1825,1,0.9425682,1
1826,1,0.9425682,1
1827,1,0.9425682,1
1828,1,0.9425682,1
1829,1,0.9425682,1
1830,1,0.9425682,1
1831,0,0.057424262,0
1832,0,0.057424262,0
1833,0,0.057424262,0
1834,1,0.9425682,1
1835,0,0.06804493,0
1836,1,0.94243073,1
1837,0,0.057424262,0
1838,0,0.057424262,0
1839,1,0.9425682,1
1840,0,0.060043037,0
1841,1,0.94208187,1
1842,0,0.057424262,0
1843,1,0.9425682,1
1844,1,0.9425682,1
1845,0,0.05877078,0
1846,0,0.06069426,0
1847,0,0.057424262,0
1848,1,0.9293756,1
1849,1,0.9425682,1
1850,1,0.9425682,1
1851,1,0.9425682,1
1852,0,0.09669178,0
1853,0,0.23204447,0
1854,0,0.08131112,0
1855,0,0.057424262,0
1856,0,0.057424262,0
1857,0,0.057424262,0
1858,1,0.9425682,1
1859,1,0.9425682,1
1860,0,0.057424262,0
1861,0,0.061343767,0
1862,0,0.05759377,0
1863,0,0.057424262,0
1864,0,0.057424262,0
1865,0,0.057424262,0
1866,0,0.057424262,0
1867,0,0.13414034,0
1868,1,0.9422201,1
1869,0,0.18750004,0
1870,0,0.067472994,0
1871,0,0.057424262,0
1872,0,0.057424262,0
1873,0,0.057424262,0
1874,1,0.94208187,1
1875,1,0.9425682,1
1876,0,0.057424262,0
1877,0,0.057424262,0
1878,0,0.057424262,0
1879,1,0.9425682,1
1880,0,0.057424262,0
1881,0,0.0639271,0
1882,1,0.94208187,1
1883,0,0.057424262,0
1884,0,0.057424262,0
1885,0,0.057424262,0
1886,1,0.9422201,1
1887,1,0.9425682,1
1888,0,0.057424262,0
1889,0,0.057424262,0
1890,0,0.058683768,0
1891,0,0.057424262,0
1892,0,0.057424262,0
1893,0,0.06109838,0
1894,1,0.9425682,1
1895,0,0.057424262,0
1896,1,0.9425682,1
1897,0,0.057424262,0
1898,1,0.9425682,1
1899,0,0.057424262,0
1900,0,0.057424262,0
1901,1,0.9425682,1
1902,1,0.9364303,1
1903,1,0.9425682,1
1904,0,0.057424262,0
1905,0,0.06577072,0
1906,1,0.9425682,1
1907,0,0.072120585,0
1908,1,0.94208187,1
1909,0,0.07460007,0
1910,0,0.057424262,0
1911,0,0.057424262,0
1912,1,0.9425682,1
1913,1,0.9425682,1
1914,0,0.057424262,0
1915,0,0.08801628,0
1916,0,0.057424262,0
1917,1,0.9425682,1
1918,1,0.91318524,1
1919,1,0.9422201,1
1920,0,0.07458248,0
1921,0,0.057424262,0
1922,0,0.057424262,0
1923,1,0.9422201,1
1924,0,0.059954964,0
1925,0,0.05759377,0
1926,0,0.057424262,0
1927,0,0.057424262,0
1928,1,0.9425682,1
1929,1,0.9405507,1
1930,1,0.89714134,1
1931,1,0.9422201,1
1932,0,0.057424262,0
1933,0,0.0600169,0
1934,0,0.057424262,0
1935,1,0.9425682,1
1936,0,0.057424262,0
1937,1,0.9425682,1
1938,0,0.058308415,0
1939,1,0.94243073,1
1940,1,0.9425682,1
1941,0,0.057424262,0
1942,1,0.9425682,1
1943,0,0.061907247,0
1944,0,0.061698593,0
1945,1,0.9422201,1
1946,1,0.94208187,1
1947,0,0.057424262,0
1948,0,0.0600622,0
1949,1,0.9425682,1
1950,0,0.057424262,0
1951,0,0.059204053,0
1952,0,0.057424262,0
1953,0,0.057424262,0
1954,0,0.057424262,0
1955,0,0.066137224,0
1956,0,0.11158293,0
1957,0,0.057424262,0
1958,1,0.9425682,1
1959,1,0.94007957,1
1960,1,0.9425682,1
1961,1,0.9425682,1
1962,0,0.057424262,0
1963,0,0.062538035,0
1964,1,0.9425682,1
1965,0,0.057424262,0
1966,0,0.057424262,0
1967,0,0.057424262,0
1968,0,0.05828478,0
1969,1,0.94208187,1
1970,1,0.9425682,1
1971,1,0.9416386,1
1972,0,0.061184447,0
1973,0,0.057424262,0
1974,0,0.057424262,0
1975,1,0.90886426,1
1976,0,0.057424262,0
1977,0,0.069673546,0
1978,1,0.94208187,1
1979,1,0.9389216,1
1980,0,0.057424262,0
1981,0,0.06169293,0
1982,0,0.0641508,0
1983,1,0.89406425,1
1984,0,0.05759377,0
1985,1,0.94208187,1
1986,1,0.9425682,1
1987,1,0.94053876,1
1988,1,0.9425682,1
1989,0,0.057424262,0
1990,1,0.9425682,1
1991,1,0.9425682,1
1992,0,0.057424262,0
1993,0,0.06429444,0
1994,1,0.9425682,1
1995,0,0.05828725,0
1996,1,0.9226172,1
1997,0,0.057424262,0
1998,0,0.057424262,0
1999,0,0.06029687,0
2000,1,0.9425682,1
2001,1,0.9425682,1
2002,0,0.057424262,0
2003,1,0.9425682,1
2004,0,0.057424262,0
2005,1,0.92681867,1
2006,1,0.9425682,1
2007,0,0.057424262,0
2008,1,0.9425682,1
2009,0,0.05759377,0
2010,0,0.057424262,0
2011,1,0.9425682,1
2012,0,0.057424262,0
2013,1,0.89642614,1
2014,1,0.9425682,1
2015,0,0.058953177,0
2016,1,0.92763513,1
2017,0,0.057424262,0
2018,1,0.9425682,1
2019,0,0.07593308,0
2020,0,0.06547703,0
2021,0,0.057424262,0
2022,0,0.057424262,0
2023,1,0.9425682,1
2024,0,0.057424262,0
2025,1,0.9425682,1
2026,1,0.9425682,1
2027,0,0.13360055,0
2028,1,0.94208187,1
2029,0,0.057424262,0
2030,0,0.057424262,0
2031,1,0.9422201,1
2032,0,0.083336204,0
2033,0,0.057424262,0
2034,1,0.9425682,1
2035,1,0.9425682,1
2036,0,0.057424262,0
2037,0,0.057424262,0
2038,0,0.064717114,0
2039,1,0.9351922,1
2040,1,0.9425682,1
2041,0,0.057424262,0
2042,0,0.057424262,0
2043,0,0.057424262,0
2044,1,0.9425682,1
2045,1,0.9425682,1
2046,1,0.9425682,1
2047,0,0.121377446,0
2048,1,0.9425682,1
2049,1,0.94208187,1
2050,0,0.057424262,0
2051,0,0.057424262,0
2052,0,0.058626186,0
2053,0,0.057674415,0
2054,0,0.08278541,0
2055,0,0.060043037,0
2056,1,0.9393742,1
2057,1,0.9425682,1
2058,0,0.057424262,0
2059,0,0.057424262,0
2060,1,0.9425682,1
2061,0,0.057424262,0
2062,0,0.057424262,0
2063,0,0.057424262,0
2064,0,0.057424262,0
2065,0,0.057424262,0
2066,1,0.9425682,1
2067,0,0.057424262,0
2068,1,0.9425682,1
2069,0,0.057424262,0
2070,0,0.057424262,0
2071,0,0.05759377,0
2072,0,0.057424262,0
2073,1,0.9425682,1
2074,1,0.9425682,1
2075,1,0.9425682,1
2076,0,0.057424262,0
2077,1,0.9425682,1
2078,0,0.06337239,0
2079,0,0.057424262,0
2080,0,0.057424262,0
2081,1,0.9425682,1
2082,1,0.9425682,1
2083,1,0.9425682,1
2084,1,0.9425682,1
2085,1,0.94208187,1
2086,1,0.9425682,1
2087,0,0.057509135,0
2088,0,0.057424262,0
2089,1,0.9394493,1
2090,0,0.057424262,0
2091,1,0.9425682,1
2092,1,0.9425682,1
2093,1,0.9425682,1
2094,1,0.94145155,1
2095,0,0.057424262,0
2096,1,0.9425682,1
2097,1,0.85643625,1
2098,0,0.057424262,0
2099,1,0.9425682,1
2100,1,0.732735,1
2101,0,0.06248095,0
2102,1,0.9425682,1
2103,1,0.9300422,1
2104,0,0.057424262,0
2105,0,0.057424262,0
2106,0,0.057424262,0
2107,1,0.94208187,1
2108,1,0.9425682,1
2109,0,0.057424262,0
2110,1,0.9425682,1
2111,0,0.057424262,0
2112,1,0.9425682,1
2113,0,0.08875147,0
2114,1,0.9425682,1
2115,1,0.9425682,1
2116,1,0.9425682,1
2117,1,0.9425682,1
2118,1,0.9425682,1
2119,0,0.05850252,0
2120,1,0.9425682,1
2121,1,0.9425682,1
2122,1,0.9425682,1
2123,1,0.9425682,1
2124,0,0.057424262,0
2125,0,0.057424262,0
2126,0,0.057424262,0
2127,0,0.06338507,0
2128,1,0.9425682,1
2129,1,0.9425682,1
2130,0,0.057424262,0
2131,0,0.057424262,0
2132,0,0.057424262,0
2133,0,0.06581039,0
2134,0,0.059701044,0
2135,1,0.9420881,1
2136,1,0.92566097,1
2137,0,0.057424262,0
2138,0,0.057424262,0
2139,0,0.057424262,0
2140,0,0.057424262,0
2141,0,0.057424262,0
2142,0,0.057424262,0
2143,1,0.9425682,1
2144,1,0.9425682,1
2145,0,0.072192125,0
2146,1,0.94190186,1
2147,0,0.1830516,0
2148,1,0.94243073,1
2149,0,0.057692945,0
2150,0,0.095911965,0
2151,0,0.057424262,0
2152,0,0.057424262,0
2153,1,0.47212508,0
2154,0,0.057509135,0
2155,0,0.057424262,0
2156,0,0.057424262,0
2157,1,0.9425682,1
2158,1,0.9425682,1
2159,0,0.074292,0
2160,1,0.9425682,1
2161,1,0.9425682,1
2162,1,0.9425682,1
2163,1,0.9425682,1
2164,0,0.057424262,0
2165,0,0.068193756,0
2166,0,0.06169293,0
2167,0,0.057424262,0
2168,1,0.93367785,1
2169,0,0.057424262,0
2170,0,0.057424262,0
2171,1,0.9425682,1
2172,0,0.057424262,0
2173,1,0.9306905,1
2174,0,0.057424262,0
2175,1,0.9425682,1
2176,0,0.057424262,0
2177,1,0.9425682,1
2178,0,0.057424262,0
2179,1,0.9425682,1
2180,1,0.94208187,1
2181,1,0.9425682,1
2182,0,0.10098503,0
2183,1,0.9425682,1
2184,0,0.057424262,0
2185,0,0.061305277,0
2186,1,0.9425682,1
2187,1,0.9425682,1
2188,0,0.057424262,0
2189,0,0.061163604,0
2190,1,0.9425682,1
2191,0,0.057424262,0
2192,1,0.9425682,1
2193,1,0.9425682,1
2194,1,0.9425682,1
2195,1,0.9425682,1
2196,1,0.9425682,1
2197,0,0.071289554,0
2198,1,0.9425682,1
2199,0,0.057424262,0
2200,0,0.057424262,0
2201,1,0.9060552,1
2202,1,0.92063296,1
2203,0,0.057424262,0
2204,1,0.9286419,1
2205,0,0.06406763,0
2206,1,0.9425682,1
2207,0,0.05759377,0
2208,1,0.9422201,1
2209,0,0.057424262,0
2210,1,0.9425682,1
2211,0,0.057424262,0
2212,1,0.9425682,1
2213,1,0.9425682,1
2214,1,0.9425682,1
2215,0,0.19114949,0
2216,0,0.062538035,0
2217,0,0.057424262,0
2218,1,0.9425682,1
2219,1,0.9425682,1
2220,1,0.9233185,1
2221,0,0.057424262,0
2222,0,0.057424262,0
2223,0,0.057424262,0
2224,1,0.9425682,1
2225,0,0.061743382,0
2226,1,0.9422201,1
2227,0,0.057424262,0
2228,1,0.9425682,1
2229,0,0.057424262,0
2230,1,0.9425682,1
2231,1,0.9425682,1
2232,1,0.9425682,1
2233,1,0.9425682,1
2234,1,0.9425682,1
2235,1,0.9425682,1
2236,1,0.9400822,1
2237,1,0.9425682,1
2238,0,0.057424262,0
2239,0,0.057424262,0
2240,0,0.059864387,0
2241,0,0.07971519,0
2242,0,0.057424262,0
2243,1,0.9425682,1
2244,0,0.057424262,0
2245,0,0.057424262,0
2246,1,0.9425682,1
2247,1,0.9425682,1
2248,0,0.09036991,0
2249,0,0.057424262,0
2250,1,0.9425682,1
2251,0,0.062139362,0
2252,1,0.9362766,1
2253,0,0.057692945,0
2254,1,0.9425682,1
2255,1,0.9425682,1
2256,0,0.057424262,0
2257,0,0.0641992,0
2258,1,0.9425682,1
2259,1,0.9425682,1
2260,1,0.9425682,1
2261,0,0.05806793,0
2262,0,0.057424262,0
2263,0,0.065686814,0
2264,1,0.9425682,1
2265,0,0.057424262,0
2266,1,0.9425682,1
2267,0,0.057424262,0
2268,0,0.057794575,0
2269,1,0.9422201,1
2270,0,0.057424262,0
2271,1,0.9249261,1
2272,0,0.057424262,0
2273,0,0.057424262,0
2274,1,0.9425682,1
2275,0,0.21012115,0
2276,1,0.9425682,1
2277,1,0.94208187,1
2278,1,0.9425682,1
2279,0,0.057424262,0
2280,0,0.06304535,0
2281,1,0.93355244,1
2282,1,0.9425682,1
2283,0,0.057424262,0
2284,0,0.07053533,0
2285,1,0.9273848,1
2286,0,0.057424262,0
2287,0,0.057424262,0
2288,0,0.07818491,0
2289,1,0.9425682,1
2290,1,0.93815356,1
2291,0,0.05904962,0
2292,1,0.852576,1
2293,1,0.9425682,1
2294,0,0.057424262,0
2295,1,0.9425682,1
2296,0,0.057424262,0
2297,1,0.9425682,1
2298,0,0.057424262,0
2299,1,0.9425682,1
2300,1,0.94208187,1
2301,0,0.06546031,0
2302,1,0.9425682,1
2303,0,0.057424262,0
2304,0,0.057424262,0
2305,0,0.06069426,0
2306,1,0.9425682,1
2307,0,0.06667982,0
2308,0,0.058200795,0
2309,0,0.057424262,0
2310,1,0.9425682,1
2311,1,0.94243073,1
2312,0,0.057424262,0
2313,1,0.9425682,1
2314,0,0.057424262,0
2315,1,0.9425682,1
2316,0,0.057424262,0
2317,0,0.062464215,0
2318,1,0.9393794,1
2319,1,0.9425682,1
2320,0,0.06009212,0
2321,0,0.059701044,0
2322,1,0.93598473,1
2323,0,0.06516768,0
2324,1,0.9425682,1
2325,1,0.81011724,1
2326,1,0.9425682,1
2327,0,0.06581039,0
2328,0,0.06110255,0
2329,1,0.9425682,1
2330,0,0.057424262,0
2331,1,0.9425682,1
2332,1,0.9400004,1
2333,0,0.057424262,0
2334,1,0.94208187,1
2335,1,0.8910494,1
2336,1,0.9310414,1
2337,0,0.057936262,0
2338,0,0.057424262,0
2339,0,0.057424262,0
2340,0,0.057424262,0
2341,1,0.9425682,1
2342,0,0.057424262,0
2343,1,0.9425682,1
2344,0,0.05759377,0
2345,0,0.06422002,0
2346,0,0.0662419,0
2347,1,0.93962014,1
2348,1,0.9425682,1
2349,0,0.072188176,0
2350,1,0.9425682,1
2351,1,0.9395136,1
2352,1,0.94190186,1
2353,0,0.057424262,0
2354,0,0.057706162,0
2355,1,0.9425682,1
2356,1,0.9422201,1
2357,0,0.0654457,0
2358,0,0.07363633,0
2359,0,0.07301405,0
2360,0,0.060302842,0
2361,0,0.057424262,0
2362,0,0.057424262,0
2363,0,0.057424262,0
2364,1,0.9425682,1
2365,0,0.061184447,0
2366,0,0.057424262,0
2367,1,0.9425682,1
2368,1,0.9425682,1
2369,1,0.9425682,1
2370,1,0.9425682,1
2371,0,0.057424262,0
2372,0,0.09200962,0
2373,0,0.07639566,0
2374,1,0.9369766,1
2375,0,0.057424262,0
2376,0,0.057424262,0
2377,1,0.9425682,1
2378,0,0.057424262,0
2379,0,0.057424262,0
2380,1,0.93502796,1
2381,0,0.057424262,0
2382,1,0.9425682,1
2383,0,0.064038634,0
2384,0,0.05852841,0
2385,0,0.061079778,0
2386,0,0.057424262,0
2387,0,0.059954964,0
2388,0,0.057424262,0
2389,1,0.94208187,1
2390,1,0.94208187,1
2391,1,0.9425682,1
2392,1,0.9425682,1
2393,0,0.09011334,0
2394,1,0.9425682,1
2395,1,0.9425682,1
2396,0,0.05759377,0
2397,0,0.057424262,0
2398,0,0.0815911,0
2399,1,0.9425682,1
2400,0,0.057424262,0
2401,1,0.9425682,1
2402,0,0.057424262,0
2403,0,0.05854789,0
2404,1,0.9290314,1
2405,0,0.057424262,0
2406,0,0.057424262,0
2407,1,0.9425682,1
2408,0,0.084989406,0
2409,1,0.9416896,1
2410,0,0.057424262,0
2411,0,0.075492315,0
2412,0,0.057424262,0
2413,1,0.9425682,1
2414,1,0.9422201,1
2415,0,0.06406586,0
2416,1,0.9425682,1
2417,0,0.057424262,0
2418,0,0.057424262,0
2419,0,0.057424262,0
2420,0,0.057424262,0
2421,0,0.057424262,0
2422,0,0.073916,0
2423,0,0.057424262,0
2424,0,0.060474623,0
2425,0,0.06295551,0
2426,0,0.057424262,0
2427,0,0.057424262,0
2428,1,0.9322415,1
2429,0,0.059564218,0
2430,0,0.057993952,0
2431,0,0.05759377,0
2432,1,0.9425682,1
2433,1,0.9425682,1
2434,0,0.057424262,0
2435,0,0.057424262,0
2436,0,0.057424262,0
2437,0,0.05831293,0
2438,0,0.057424262,0
2439,0,0.06405808,0
2440,0,0.057424262,0
2441,0,0.057424262,0
2442,0,0.057424262,0
2443,1,0.9420881,1
2444,1,0.9425682,1
2445,0,0.060302842,0
2446,1,0.9425682,1
2447,1,0.94208187,1
2448,0,0.057424262,0
2449,0,0.057424262,0
2450,0,0.057424262,0
2451,1,0.9425682,1
2452,1,0.9425682,1
2453,0,0.057424262,0
2454,1,0.9425682,1
2455,0,0.057424262,0
2456,0,0.057424262,0
2457,0,0.05891001,0
2458,1,0.9425682,1
2459,0,0.057424262,0
2460,1,0.9425682,1
2461,1,0.93999463,1
2462,0,0.057424262,0
2463,0,0.057424262,0
2464,1,0.8753471,1
2465,0,0.057424262,0
2466,0,0.06261328,0
2467,1,0.9425682,1
2468,0,0.062088557,0
2469,0,0.057424262,0
2470,1,0.9425682,1
2471,0,0.057424262,0
2472,0,0.057424262,0
2473,0,0.057424262,0
2474,1,0.9425682,1
2475,0,0.057424262,0
2476,0,0.057424262,0
2477,0,0.057424262,0
2478,0,0.057424262,0
2479,0,0.058953177,0
2480,0,0.057424262,0
2481,1,0.9425682,1
2482,1,0.9425682,1
2483,0,0.057424262,0
2484,1,0.9425682,1
2485,0,0.057424262,0
2486,0,0.08475282,0
2487,1,0.9425682,1
2488,1,0.9425682,1
2489,0,0.06119855,0
2490,1,0.9425682,1
2491,1,0.9425682,1
2492,0,0.057424262,0
2493,1,0.9425682,1
2494,1,0.9425682,1
2495,0,0.057424262,0
2496,1,0.9425682,1
2497,0,0.07068716,0
2498,0,0.05904962,0
2499,0,0.057424262,0
2500,0,0.057424262,0
2501,0,0.062457167,0
2502,1,0.9425682,1
2503,1,0.9425682,1
2504,1,0.9425682,1
2505,1,0.9425682,1
2506,1,0.9425682,1
2507,1,0.9425682,1
2508,1,0.9425682,1
2509,0,0.057424262,0
2510,0,0.06581039,0
2511,1,0.9167533,1
2512,1,0.912954,1
2513,0,0.057424262,0
2514,1,0.9425682,1
2515,0,0.057424262,0
2516,1,0.9425682,1
2517,0,0.057424262,0
2518,0,0.07482665,0
2519,1,0.9425682,1
2520,0,0.059993364,0
2521,0,0.058497887,0
2522,1,0.9425682,1
2523,0,0.070365086,0
2524,0,0.059708863,0
2525,1,0.9425682,1
2526,1,0.9425682,1
2527,0,0.057424262,0
2528,0,0.057424262,0
2529,0,0.06838983,0
2530,1,0.9425682,1
2531,0,0.057424262,0
2532,0,0.062544405,0
2533,0,0.057424262,0
2534,1,0.9425682,1
2535,0,0.0604803,0
2536,1,0.9334188,1
2537,0,0.059393857,0
2538,1,0.9425682,1
2539,1,0.9425682,1
2540,0,0.08225109,0
2541,0,0.057424262,0
2542,0,0.057424262,0
2543,0,0.6611593,1
2544,0,0.06263175,0
2545,0,0.057424262,0
2546,0,0.07052478,0
2547,0,0.07399875,0
2548,1,0.9422201,1
2549,0,0.094617225,0
2550,1,0.9312592,1
2551,1,0.9425682,1
2552,1,0.9425682,1
2553,1,0.9425682,1
2554,1,0.93594056,1
2555,0,0.057424262,0
2556,0,0.057424262,0
2557,1,0.9425682,1
2558,1,0.9425682,1
2559,0,0.06256195,0
2560,1,0.9425682,1
2561,0,0.057424262,0
2562,0,0.05878306,0
2563,1,0.9425682,1
2564,1,0.9425682,1
2565,0,0.060583208,0
2566,0,0.057424262,0
2567,1,0.9425682,1
2568,0,0.057424262,0
2569,1,0.942173,1
2570,0,0.07460007,0
2571,0,0.05759377,0
2572,0,0.057424262,0
2573,1,0.9074805,1
2574,0,0.057424262,0
2575,1,0.9425682,1
2576,1,0.9425682,1
2577,0,0.057424262,0
2578,1,0.89545643,1
2579,1,0.9425682,1
2580,0,0.05759377,0
2581,1,0.9425682,1
2582,1,0.9425682,1
2583,0,0.057424262,0
2584,1,0.9425682,1
2585,0,0.057424262,0
2586,0,0.057489157,0
2587,0,0.18717505,0
2588,0,0.057424262,0
2589,0,0.057424262,0
2590,0,0.057424262,0
2591,0,0.057424262,0
2592,0,0.057424262,0
2593,0,0.06683321,0
2594,0,0.057424262,0
2595,0,0.057424262,0
2596,0,0.057424262,0
2597,0,0.05996401,0
2598,1,0.9425682,1
2599,1,0.9425682,1
2600,0,0.057424262,0
2601,1,0.9152072,1
2602,1,0.9425682,1
2603,1,0.94208187,1
2604,0,0.057424262,0
2605,1,0.9425682,1
2606,1,0.9425682,1
2607,0,0.06997133,0
2608,0,0.06581039,0
2609,1,0.9425682,1
2610,1,0.942173,1
2611,1,0.9425682,1
2612,1,0.9425682,1
2613,1,0.9425682,1
2614,1,0.9425682,1
2615,1,0.9425682,1
2616,1,0.9425682,1
2617,0,0.057424262,0
2618,1,0.94208187,1
2619,1,0.87635213,1
2620,1,0.9425682,1
2621,0,0.05828725,0
2622,0,0.057424262,0
2623,0,0.057424262,0
2624,0,0.057424262,0
2625,1,0.9425682,1
2626,1,0.93062943,1
2627,0,0.057424262,0
2628,0,0.057424262,0
2629,0,0.06618824,0
2630,0,0.05776969,0
2631,1,0.94243073,1
2632,0,0.07460007,0
2633,0,0.057424262,0
2634,1,0.9425682,1
2635,1,0.9425682,1
2636,0,0.057424262,0
2637,1,0.94208187,1
2638,1,0.9425682,1
2639,0,0.057424262,0
2640,1,0.9425682,1
2641,1,0.93674386,1
2642,1,0.9425682,1
2643,0,0.11952943,0
2644,0,0.06372221,0
2645,0,0.06315807,0
2646,1,0.9425682,1
2647,1,0.9425682,1
2648,0,0.06824582,0
2649,0,0.057424262,0
2650,0,0.07011433,0
2651,0,0.057509135,0
2652,0,0.057424262,0
2653,1,0.9425682,1
2654,1,0.94208187,1
2655,1,0.9425682,1
2656,1,0.9425682,1
2657,1,0.9425682,1
2658,0,0.057424262,0
2659,0,0.057424262,0
2660,0,0.11052301,0
2661,0,0.057424262,0
2662,0,0.07254738,0
2663,0,0.057424262,0
2664,1,0.9425682,1
2665,1,0.9271895,1
2666,0,0.057692945,0
2667,1,0.92250556,1
2668,0,0.057424262,0
2669,1,0.942385,1
2670,1,0.9425682,1
2671,1,0.9425682,1
2672,1,0.9425682,1
2673,0,0.057424262,0
2674,0,0.057424262,0
2675,1,0.9151257,1
2676,1,0.9389937,1
2677,0,0.057424262,0
2678,1,0.9425682,1
2679,1,0.9425682,1
2680,1,0.9392558,1
2681,0,0.06617323,0
2682,1,0.9425682,1
2683,1,0.9425682,1
2684,0,0.06273302,0
2685,1,0.9425682,1
2686,1,0.942173,1
2687,1,0.9425682,1
2688,1,0.9425682,1
2689,0,0.057424262,0
2690,1,0.9425682,1
2691,1,0.9425682,1
2692,1,0.9425682,1
2693,0,0.05759377,0
2694,0,0.07330625,0
2695,0,0.05893308,0
2696,0,0.057424262,0
2697,0,0.057424262,0
2698,1,0.9425682,1
2699,1,0.9425682,1
2700,1,0.7388796,1
2701,0,0.057424262,0
2702,0,0.057424262,0
2703,1,0.94208187,1
2704,0,0.057424262,0
2705,1,0.9425682,1
2706,0,0.06867404,0
2707,1,0.9425682,1
2708,1,0.9425682,1
2709,0,0.05828725,0
2710,0,0.093165375,0
2711,0,0.057424262,0
2712,1,0.9425682,1
2713,0,0.057424262,0
2714,1,0.9425682,1
2715,1,0.9425682,1
2716,0,0.057424262,0
2717,0,0.060153786,0
2718,1,0.9425682,1
2719,0,0.061150823,0
2720,0,0.057424262,0
2721,1,0.9425682,1
2722,0,0.06986759,0
2723,1,0.9425682,1
2724,1,0.9425682,1
2725,0,0.057424262,0
2726,1,0.9425682,1
2727,0,0.057424262,0
2728,0,0.057424262,0
2729,1,0.9425682,1
2730,0,0.057424262,0
2731,0,0.057424262,0
